<?xml version="1.0" encoding="utf-8"?>
<resources>
    <color name="black">#FF000000</color>
    <color name="white">#FFFFFFFF</color>
    <color name="backgroundColor">#EBEDEF</color>
    <color name="buttonColor">#DBCDFA</color>
    <color name="navigationColor">#8692f7</color>
    <color name="purple_200">#FFBB86FC</color>
    <color name="purple_500">#FF6200EE</color>
    <color name="purple_700">#FF3700B3</color>
    <color name="teal_200">#FF03DAC5</color>
    <color name="teal_700">#FF018786</color>
    <color name="event_name_colour">#704DAC</color>
    <color name="back_navigation">#8894FC</color>
    <color name="link_color">#1E90FF</color>
    <color name="cardBackgroundColor">#DBCDFA</color>
</resources>